Workbook

Sheet Formula Matrix
A1: Value | B1: Text | D1: Case | E1: Formula result
A2: 10 | B2: long edit | D2: aggregate_sum | E2: =SUM(A2:A4) -> 60
A3: 20 | B3: workspace | D3: aggregate_average | E3: =AVERAGE(A2:A4) -> 20
A4: 30 | D4: aggregate_min | E4: =MIN(A2:A4) -> 10
D5: aggregate_max | E5: =MAX(A2:A4) -> 30
D6: aggregate_count | E6: =COUNT(A2:A4) -> 3
D7: math_abs | E7: =ABS(-12.5) -> 12.5
D8: math_round | E8: =ROUND(12.345,2) -> 12.35
D9: logical_if | E9: =IF(A4>25,"high","low") -> high
D10: logical_and | E10: =AND(A2=10,A4=30) -> TRUE
D11: logical_or | E11: =OR(A2=0,A3=20) -> TRUE
D12: logical_not | E12: =NOT(A2=0) -> TRUE
D13: text_concat | E13: =_xlfn.CONCAT("Long","Edit") -> LongEdit
D14: text_len_trim | E14: =LEN(TRIM(B2)) -> 9
D15: text_upper | E15: =UPPER(B3) -> WORKSPACE
D16: error_division | E16: =1/0 -> #DIV/0!
D17: error_propagation | E17: =E16+1 -> #DIV/0!
D18: error_recovery | E18: =IFERROR(E16,"recovered") -> recovered
D19: unknown_function | E19: =LONGEDIT_UNKNOWN(A2) -> #NAME?
D20: conditional_sumif | E20: =SUMIF(A2:A4,">15") -> 50
D21: conditional_countif | E21: =COUNTIF(A2:A4,">=20") -> 2
D22: conditional_averageif | E22: =AVERAGEIF(A2:A4,">10") -> 25
D23: conditional_wildcard | E23: =COUNTIF('Lookup Data'!A2:A6,"?") -> 5
D24: lookup_vlookup_exact | E24: =VLOOKUP("B",'Lookup Data'!A2:B6,2,FALSE) -> 200
D25: lookup_vlookup_approximate | E25: =VLOOKUP(25,'Lookup Data'!E2:F5,2,TRUE) -> Pro
D26: lookup_hlookup_exact | E26: =HLOOKUP("C",'Lookup Data'!A8:D9,2,FALSE) -> 300
D27: lookup_index | E27: =INDEX('Lookup Data'!B2:B6,3) -> 300
D28: lookup_match_exact | E28: =MATCH("C",'Lookup Data'!A2:A6,0) -> 3
D29: lookup_match_approximate | E29: =MATCH(25,'Lookup Data'!E2:E5,1) -> 3
D30: lookup_text_result | E30: =VLOOKUP("D",'Lookup Data'!A2:B6,2,FALSE) -> 400
D31: lookup_not_found | E31: =VLOOKUP("Z",'Lookup Data'!A2:B6,2,FALSE) -> #N/A
D32: lookup_error_recovery | E32: =IFERROR(E31,"missing") -> missing

Sheet Lookup Data
A1: Code | B1: Amount
A2: A | B2: 100 | E2: 0 | F2: Starter
A3: B | B3: 200 | E3: 10 | F3: Basic
A4: C | B4: 300 | E4: 20 | F4: Pro
A5: D | B5: 400 | E5: 30 | F5: Enterprise
A6: E | B6: 500
A8: A | B8: B | C8: C | D8: D
A9: 100 | B9: 200 | C9: 300 | D9: 400
